class,text,Prediction
r/nba,"NBA officially proposes lowering draft age to 18 link Huh, I always thought it wasnâ€™t an age thing, but a requirement to be 1 year removed from High School",r/nba
r/nba,"[Wojnarowski] New York has agreed with Dallas on trade that includes Kristaps Porzingis, Courtney Lee, Tim Hardaway Jr., for Wesley Matthews, Dennis Smith Jr. and DeAndre Jordan, league sources tell ESPN. Players and agents are being notified of particulars. Deal may include more draft assets. link Yes officer this trade right here",r/nba
r/nba,"Charles Barkley: ""I don't like the fan's vote. What happened last time when we let them make a big decision? White House."" link Civil discussion as always guys, bans will be handed out where appropriate.

Had to lock, sorry guys.",r/nba
r/nba,The Big 3 together one more time! link Manuâ€™s like â€œthese fuckers didnâ€™t even try to dress up for TVâ€,r/nba
r/nba,"Toronto fans cheering as KD goes down hurt link **Replays/alternate angles**
                        


*I am a bot, and this action was performed automatically. Please [contact the moderators of this subreddit](/message/compose/?to=/r/nba) if you have any questions or concerns.*",r/nba
r/nba,"Report: Warriors' Durant expected to miss entire 2019-20 season link >Golden State Warriors superstar Kevin Durant is expected to miss the entire 2019-20 season after undergoing surgery for a ruptured right Achilles tendon, reports ESPNâ€™s Adrian Wojnarowski.

>The two-time NBA Finals MVP and 2014 regular-season MVP revealed the severity of his injury in an Instagram post Wednesday, two days after getting hurt during the Warriorsâ€™ Game 5 win over the Toronto Raptors. It was his first game in more than a month after being sidelined with a right calf strain.


>Despite the news, Wojnarowski cited league sources indicating that the Brooklyn Nets and the New York Knicks remain interested in signing soon-to-be free agents Durant and Kyrie Irving into max salary slots.",r/nba
r/nba,"[Feldman] 7-foot-5 Tacko Fall entered concussion protocol because he hit his head on 'low ceiling' link This is an incredible headline that is totally expected for someone that is Tacko's height, but also hilarious.",r/nba
r/nba,"Melo just lays on the court, nobody gives a fuck and play goes on. link I watched that twice and didn't notice Melo at all.",r/nba
r/nba,"[Wojnarowski] Sacramento has agreed to trade DeMarcus Cousins to the New Orleans Pelicans, league source tells @TheVertical. link So my roommate is a kings fan. How do I ask him for march rent before he kills himself?",r/nba
r/nba,"[Wojnarowski] Golden Stateâ€™s Klay Thompson has suffered a torn ACL in his left knee, his agent Greg Lawrence tells ESPN. link At this rate it's almost better there wasn't a Game 7; Curry would have been hit by a bolt of lightning.",r/nba
r/nba,"[Wojnarowski] Kevin Durant is planning to sign with the Brooklyn Nets, league sources tell ESPN. link Kyrie to KD: what does the word government mean to you?

KD: Iâ€™ve made a huge mistake",r/nba
r/nba,"[Wojnarowski] New York has agreed to a deal to send Carmelo Anthony to OKC for Enes Kanter, Doug McDermott and a draft pick. link Kanter: ""OKC is the best organization in the NBA.""

*OKC trades him*",r/nba
r/nba,"Max Kellerman on Lebron: ""It's called selling out. It's very easy to take a stand when there is low to no cost. When there is a real price to pay, then who will stand up? Mohammad Ali did. Not Lebron James"" link Mohammad Ali is the perfect example. Dude lost years of his prime over protesting what he thought was right. I mean, shit, he took it to the US Supreme Court since he was the one with the money and could afford to take a stance against the US Government.",r/nba
r/nba,Carmelo puts OKC up by 1 before Wiggins wins it at the buzzer link that crowd went 100 to 0 real fucking quick,r/nba
r/nba,"Kobe to Shaq alley-oop, Game 7 of the 2000 Western Conference Finals. link Pippen should have gone back to being invisible after getting crossed up that bad",r/nba
r/nba,"Every Phoenix Suns player starts running at the exact same moment link 9-2 is such a promising start, i wonder how the rest of the game went",r/nba
r/nba,"[Wojnarowski] The Clippers have agreed to a deal to send Blake Griffin to the Detroit Pistons, league sources tell ESPN. link Trade as we know it currently: 

**Clippers send:** 

* Blake Griffin (PF)
* Willie Reed (C) 
* Brice Johnson (PF)

**Pistons send:** 

* Tobias Harris (F)
* Avery Bradley (SG)
* Boban Marjonovic (C)
* 2018 1st Round Pick ^[1](https://twitter.com/wojespn/status/958121789179203585)
* 2019 2nd Round Pick",r/nba
r/nba,"Pop has the most total wins as a head coach with 1,413. Here's his reaction after he got the first one, on December 14, 1996. link Pop was a crazy lad. Fired the head coach back then and said I've got this",r/nba
r/nba,[Rovell] Girl named Riley Morrison asks @StephenCurry30 why his sneakers donâ€™t come in girls sizes. Steph responds. link My man really said #RUINTHEGAME lmao ,r/hiphopheads
r/nba,"New NBA fan with a question. I was watching the Cavs practice tonight, why were there some people running around in Celtics jerseys? Hey sorry if it's a dumb question, I was just wondering why the practice was getting interrupted and no one was doing anything about it? It didn't really seem to mess them up though which is why I guess security didn't do anything. You know it's bad when we have off season level shitposting during the conference finals.",r/nba
r/nba,"DeAndre Ayton forgot to change his sample text link ""I hate this fucking game #BlackOps4 #CallofDutyPartner""",r/nba
r/nba,"LeBron forgets he's not on the Heat anymore link If Norris Cole passes him the ball off that screen do you think he takes the shot?

That'd be the funniest moment in NBA history.",r/nba
r/nba,"Kawhi sents Raptors to ECF - SNET = link **Replays/alternate angles**
                        


*I am a bot, and this action was performed automatically. Please [contact the moderators of this subreddit](/message/compose/?to=/r/nba) if you have any questions or concerns.*",r/nba
r/nba,"[Wright] Spurs coach Gregg Popovich was asked why he thinks itâ€™s important to give back to the community: â€œBecause weâ€™re rich as hell and we donâ€™t need it all, and other people need it. Then, youâ€™re an ass if you donâ€™t give it. Pretty simple.â€ link He always tips waiters thousands of bucks whenever the spurs are in town ",r/nba
r/nba,Lebron James response to Kyle Lowry and Warriors part-owner incident link The face of the NBA has spoken. This will now be dealt with properly by Silver.,r/nba
r/nba,With 4 minutes and 20 seconds left in the 4th quarter this was the score during the Warriors vs. Clippers summer league game : link Why has nobody pointed out it was a COX Scoreboard? ,r/nba
r/nba,Lou Williams eats nachos after dropping 36 points in the biggest comeback in NBA Playoff history link Na-cho night dubs fans,r/nba
r/nba,"Kareem Abdul-Jabbar is auctioning off his championship rings and MVP trophies for charity: ""When it comes to choosing between storing a championship ring or trophy in a room, or providing kids with an opportunity to change their lives, the choice is pretty simple. Sell it all."" link Can you fuckin imagine having Kareemâ€™s MVP trophy sitting in your display case",r/nba
r/nba,"Paul Pierce admits to shitting his pants in the NBA finals against the Lakers, and faking a knee injury to go to the bathroom [VIDEO] link **Replays/alternate angles**
                        


*I am a bot, and this action was performed automatically. Please [contact the moderators of this subreddit](/message/compose/?to=/r/nba) if you have any questions or concerns.*",r/nba
r/nba,"Dirk Nowitzkiâ€™s Full Page Thank You to Dallas in Todayâ€™s Paper link 21 fucking seasons with the same team. Props to the front office not fucking that up, absolute class act and loyalty all around.",r/nba
r/nba,"[Windhorst] Kyrie Irving asked the Cavs to trade him in a meeting last week, sources told ESPN. link Shit they just said on NBA radio that Kyrie doesn't want to play with LeBron anymore. Holy shit ",r/nba
r/nba,"Body Worn Camera Video Release of Sterling Brown Arrest link EDIT: 14 hours is long enough. Comment quality has degraded to the point where we're going to close it down. 

We know this is a hot button topic, as it should be. We ask that commenters  follow [our rules](http://www.reddit.com/r/NBA/wiki/rules) and act respectful towards each other. 

Rule breaking comments may result in a suspension. 

_____

[Milwaukee Police Press Release](http://imgur.com/1mqt3YW)

[Sterling Brown Press Release](https://pbs.twimg.com/media/Dd6kQ2hV4AA8ZKA.jpg)

[Milwaukee Bucks Press Release](https://www.nba.com/amp/bucks/news/bucks-organization-statement-sterling-brown)",r/hiphopheads
r/nba,"[Klein] Hawks are all-in on fan experience.. 1st NBA team to offer fan friendly concession prices: $1 Chips; $2 Candy, pretzel's, bottled water; $3 Fries, hot dogs, nachos $4 pizza, bottomless popcorn, bottomless soda; $5 beer link So living in LA, it would almost be cheaper to fly to Atlanta to go to a game.  OK OK",r/nba
r/nba,"After the departure of Phil Jackson from the Lakers in 2004, Shaq went on TV and declared ""If a coach takes a team to the Finals 4 out of 5 years, I'll kiss his feet. With cheese on it. I will. It'll never be done again."" Since then, Steve Kerr has taken the Warriors to 5 straight Finals. link **Replays/alternate angles**

*I am a bot, and this action was performed automatically. Please [contact the moderators of this subreddit](/message/compose/?to=/r/nba) if you have any questions or concerns.*",r/nba
r/nba,"Lakers/Raptors fans should turn the Kawhi situation into something positive. Winning team's fan base makes donations to other city's children's hospital? Toronto and Boston had something like this going during the NHL playoffs. Could be something nice coming out of all this increased attention.

Wow this blew up quick. I'm going to turn off mailbox replies lol.

I'm a Toronto fan so I'll be making a $20 donation to https://www.chla.org/ if Kawhi signs with Toronto. I hope others do the same.

Toronto's Childrens Hospital is Sick Kids Hospital - https://www.sickkids.ca/

I've cross posted this to both /r/torontoraptors and /r/lakers as well to get more eyes on it.

FINAL EDIT: 

So this is a turn of events. Clippers got him. I honestly thought they weren't really in the running anymore and it was a toss up between Lakers and Raptors. As I've said in comments I never meant any disrespect to Clippers fans and congrats to them! When they were brought up I really didn't know how to do a 3 way deal between 2 cities. Now that here here though...

The spirit of the wager was the winning team donates to the other teams kids hospital. Clippes fans have wanted to be in this so much I'm hoping now they step up. I'd suggest donating to either city's kids hospital. You want to keep your donation local give to CHLA, want to show Toronto some love give to Sick Kids in Toronto. for Lakes and Raptors fans I'm suggesting they each give to the other charity. As a Raptors fan I'm still going to give to CHLA. There is no reason not to in my mind.

I'm glad my post could bring people together in a positive way and I know some good has come out of it.

FINAL FINAL EDIT:

I know this post is old now but I wanted to show that I put my money where my mouth is:

https://imgur.com/FgGVGgL

I hope others did as well. So you implying clippers dont even have fans? lol",r/nba
r/nba,"Damian Lillard quotes Sun Tzu's The Art of War â€œIt is the unemotional, reserved, calm, detached warrior who wins, not the hothead seeking vengeance and not the ambitious seeker of fortune.â€ [https://www.instagram.com/p/BwpUza1gmIc/](https://www.instagram.com/p/BwpUza1gmIc/) Damian Lillard, they're already dead",r/hiphopheads
r/nba,Michael Jordan hits a Triple Clutch Layup link My favorite part about this was the Netâ€™s bench reaction,r/nba
r/nba,"Charles: I really feel sad for Russell Westbrook. This kid gives 150% every single game and all he does is get criticized.. Is he the perfect basketball player, no. But that guy gives maximum effort every single night. And as an old player and a fan, I'm going to always admire that man link imagine telling r/nba a week ago that Rocket fans would be defending and complimenting Westbrook in the near future",r/nba
r/nba,"Bad officiating calls in Warriors-Rockets G7 Strap in boys, it's gonna be a ride. So I've basically reviewed the whole game last night, and here are the questionable plays which I thought should have been calls/were called wrongly.

#Calls going against Rockets:

1. [Wrong travelling call against Capela](https://streamable.com/cso98), didn't lift up his pivot foot.

2. [Slight push on PJ Tucker no call, KD gets the call on the other end](https://streamable.com/boqtv). Probably a superstar call.

3. [Harden might have gotten shoved in the back by Looney](https://streamable.com/7189z), no call.

4. [Capela called for a goaltend for what seemed to be a clean block](https://streamable.com/qtz8u).

5. [Harden fouled on the landing](https://streamable.com/4d9r6), no call. [Slowmo](https://streamable.com/s06jh)

6. [Harden fouled on three attempt](https://streamable.com/bzjys), no call. [Slowmo](https://streamable.com/alpcm)

7. [Ref disallows continuation on Harden's three](https://streamable.com/vhads). [Slowmo](https://streamable.com/lydp2)

8. [Eric Gordon fouled by Draymond](https://streamable.com/zynw6), no call.

#Calls going against Warriors:

1. [Klay gets called for an early 2nd foul which didn't look like much contact](https://streamable.com/e0s94), looked like ball just slipped out of EG's hands.

2. [Curry's hip gets pushed by Gerald Green](https://streamable.com/o4nk6), even falls on the ground. No call.

3. [Jordan Bell raked across the arm by Harden](https://streamable.com/s2n6m), no call. (pro tip: right click and select 1/4 speed to see the contact)

4. [Klay gets hand checked by Tucker and loses the ball](https://streamable.com/pqylu). No call. [Slowmo](https://streamable.com/j8f9c)

5. [KD gets pushed into Harden by Ryan Anderson](https://streamable.com/n27zm), foul on KD. Similar to [this play](https://streamable.com/nhcep), albeit less egregious by Anderson.

6. [Klay gets a point removed by Scott Foster](https://streamable.com/0nhtk).

A major theme which showed itself was the fact that Ryan Anderson literally (I'm not kidding) hand checked Curry every time he was switched onto him. And the Warriors forced that switch A LOT. Here's ALL the plays where Anderson guarded Curry:

https://streamable.com/el34r

https://streamable.com/vtmzu

https://streamable.com/uv829

https://streamable.com/9fqlg

https://streamable.com/junss

https://streamable.com/2peej

https://streamable.com/53mhy

https://streamable.com/cuojo

https://streamable.com/07r5o

Bonus Harden trying to draw foul when there was none & just looking like a fool:

https://streamable.com/ca5v5

https://streamable.com/jffyc

Oh and, inb4 Rockets fans accuse me of bias again, and calling me a Warriors fan. Would a Warrior fan post these?

https://www.reddit.com/r/nba/comments/8lyh34/ariza_gets_called_for_a_blocking_foul_on_durant/

https://www.reddit.com/r/nba/comments/8ly16n/curry_draws_3_free_throws_from_capela/

https://www.reddit.com/r/nba/comments/8lfvoo/draymond_going_back_to_his_bad_habits/

The entire game is freely available online, if you're so angry why don't you make your own compilation? And u/unklebuckets, still waiting for [your refs lowlights thread](https://www.reddit.com/r/nba/comments/8mf8tv/post_game_thread_the_golden_state_warriors_33/dzn4mpy/?context=3), or any of the 1+ million subscribers to make one.

Edit: [Summary of the night](https://i.imgur.com/fHlyNne.jpg) lol. Credits to u/wetjumpshot

 Although this might get deleted because ref bashing, nice amount of research done here. Kudos

Edit: Still up, wew",r/hiphopheads
r/nba,"[Highkin] Awful news from San Antonio: Spurs announce that Gregg Popovich's wife, Erin, passed away today. link [Spurs GM RC Buford on the passing of Erin Popovich: ""We mourn the loss of Erin. She was a strong, wonderful, kind, intelligent woman who provided love, support and humor to all of us.""](https://twitter.com/wojespn/status/986762877959884800)

[Full statement from the Spurs](https://pbs.twimg.com/media/DbGtlf0WsAEvCEp.jpg)",r/hiphopheads
r/nba,"Donald Trump just called Warriors head coach Steve Kerr a ""little boy"" for not calling out China No idea what to think but this should be left up as a thread on the sub. It's related to basketball & honestly, as much as I hate to say it but he does have a point

[streamable link here to the video](https://streamable.com/lnlia) As with every thread, please be mindful of the [rules](https://www.reddit.com/r/nba/wiki/rules). All are still in effect, and bans will be handed out where necessary.

Had to lock, as thread is getting brigaded and comments straying from relevance.",r/nba
r/nba,"J.R. Smith runs out the clock and then keeps running link Sometimes I wish I was alive for Picasso, Van Gogh, or Michelangelo. Then I see posts like this and realize that great art is still among us",r/nba
r/nba,"Joe Harris comments on the financial implications of Darryl Moreyâ€™s tweet: â€œI already get paid too much to play a game...â€ Full quote:


Joe Harris on whether or not he is worried about the financial implications of Daryl Moreyâ€™s tweets: â€œI already get paid too much to play a game. So, not really.â€

Per Malika Andrews: 
https://twitter.com/malika_andrews/status/1184541643229335553?s=21

Joe Harris is a man of the people and he presumably supports democracy. Joe Harris has a rocking beard and slangin dong

Edit: for those of you in this thread comparing Joe to Lebron, hereâ€™s a YES Network side by side comparison of the two roughly 2 years ago. 
https://www.reddit.com/r/nba/comments/872u4d/yes_network_side_by_side_comparison_of_lebron/?utm_source=share&utm_medium=ios_app&utm_name=iossmf Bolder than 90% of the nba players and coaches",r/nba
r/nba,"[BR] Adam Silver on Daryl Morey: ""We were being asked to fire him by the Chinese government. â€¦ We said thereâ€™s no chance thatâ€™s happening. Thereâ€™s no chance weâ€™ll even discipline him."" (via @TIME) link Who knew China was such a little bitch ?",r/nba
r/nba,"[Spears] â€œI believe he was misinformed and not educated on the situation,â€ LeBron James said on the Morey tweet. LeBron added Moreyâ€™s tweet was dangerous. LeBron said he is uncertain about the future ramifications of the Morey tweet with the NBA and players. link [[Spears]LeBron James was referring to the ramifications of Daryl Moreyâ€™s tweet on China and the events it unleashed when the Lakers star said the Rockets GM was misinformed, a source told Undefeated](https://twitter.com/MarcJSpearsESPN/status/1183924147958640642)

[[Oram] LeBron just addressed the teamâ€™s trip to China, including saying he felt Daryl Morey was misinformed. He later clarified he meant â€œmisinformedâ€ of the ramifications of such a comment as opposed to the issue of Hong Kongâ€™s sovereignty.](https://twitter.com/billoram/status/1183923098627657729?s=21)


[[Faigan] Here is LeBron on his belief that Daryl Morey ""wasn't informed"" on the situation in China, and his thoughts on the consequences that come with free speech](https://twitter.com/hmfaigen/status/1183920065499942912?s=21) Transcript of what LeBron said",r/nba
r/nba,"Caller on Stephen A. Smith's show mentions that all is not lost for the Knicks because Carmelo Anthony is available. Stephen A. Smith replies: ""Oh go to hell. Bye"", and drops the phone call link **Replays/alternate angles**
                        


*I am a bot, and this action was performed automatically. Please [contact the moderators of this subreddit](/message/compose/?to=/r/nba) if you have any questions or concerns.*",r/nba
r/nba,Doncic sends the game in OT link LEBRON DINNER WITH DONCIC CONFIRMED,r/nba
r/nba,"Kobe Bryant wins the Oscar for ""Dear Basketball"" in the animated short film category. link [Kobe's acceptance speech video](https://streamable.com/ytq4n)",r/hiphopheads
r/nba,"James Harden gives the Rockets a one point lead with one second left! - TNT link ### Replays/alternate angles

If this post is a highlight, reply to this comment with replays, alternate angles, and other accompanying media. 

If your highlight is removed or doesn't show up in the new queue, it was likely removed as a duplicate or for failing to meet quality standards.

*I am a bot, and this action was performed automatically. Please [contact the moderators of this subreddit](/message/compose/?to=/r/nba) if you have any questions or concerns.*",r/nba
r/nba,"Why LeBron would sign with every NBA team **Atlanta Hawks**

LeBron is secretly a huge Twister fan. He will join the Hawks so he can film Twister 2 with their ownerâ€™s wife on their off days.

**Boston Celtics**

LeBron misses Kyrie. He wants to play basketball with his friend and that means playing for the Celtics.

OR

LeBron wants to troll Kyrie. He will go to Boston management and ask them to trade Kyrie back to Cleveland if they want him to join. Danny Ainge will agree because he has no heart.

**Brooklyn Nets**

LeBron loves NY. He will go to New York to sign with the Knicks to play in historic Madison Square Garden. However, during the drive to the stadium, his driver makes a wrong turn and they end up in Brooklyn. LeBron realizes the mistake, but shrugs his shoulders and signs with the Nets instead, because he will have the same results with either the Knicks or Nets.


**Charlotte Hornets**

LeBron wants to prove heâ€™s better than Michael Jordan. He will sign with the Hornets to taunt MJ directly. He will win the Finals in 2019 with the Hornets and wonâ€™t let MJ touch the trophy. After the season, LeBron will buy out MJâ€™s shares and he will become majority owner. He will then trade himself to a better team because Dwight is too annoying and nobody will agree to LeBronâ€™s trade proposals involving Dwight.

**Chicago Bulls**

LeBron wants to prove heâ€™s better than Michael Jordan. He will sign with the Bulls so he can win 7 championships to pass what MJ did.


**Cleveland Cavaliers**

LeBron loves Cleveland as much as he hates moving. LeBron will re-sign with the Cavs, because itâ€™s more convenient than moving to a different city.

**Dallas Mavericks**

LeBron is still haunted by the 2011 Finals. He will go to Dallas to learn from the true GOAT Dirk Nowitzki. There, LeBron will lead the Mavs all the way to the number 1 seed in the West, only to lose to the Warriors in the first round after KD leaves for India to re-join his snek charmer friend.

**Denver Nuggets**

LeBron loves chicken nuggets. He will sign with Denver, only to be disappointed. He then will retire and start his own chicken nugget company.

**Detroit Pistons**

LeBron will become the new Pistons President of Basketball Operations. His first act in his new role will be to sign himself as the head coach/starting SF. His second transaction will be to trade Blake Griffin to the Cavs for the 8th pick in the draft and salary filler, because LeBron will blackmail Dan Gilbert into doing it.

**Golden State Warriors**

LeBron wants all the ringz. He will sign with the Warriors for the veteran minimum so he can win not 1, not 2, not 3, not 4, not 5, not 6, not 7, not 8, not 9, but 10 championships.

**Houston Rockets**

LeBron loves space. He will sign with the Rockets so he can go to NASA and fly an actual rocket into space to find better competition on other planets. Mike Dan Tony will be confused why LeBron doesnâ€™t show up to their games. Mike, heâ€™s in space, deal with it.

**Indiana Pacers**

LeBron loves pace. He will sign with the Pacers so he can out-pace the other NBA players and win a championship. He will also become best friends with Lance Stephenson and the two will call out plays to each other by blowing in each otherâ€™s rear, I mean ear.

**LA Clippers**

LeBron wants to live in Hollywood, but doesnâ€™t want to be under the shadow of Laker greats. If he can just lead the Clippers to the conference finals, they would rename their franchise LeBronâ€™s Clippers.

**LA Lakers**

LeBron wants to live in Hollywood, but doesnâ€™t want to be under the shadow of Clipper goods. He also wants to learn from the great Lavar Ball on how to play basketball as good as him.

**Memphis Grizzlies**

LeBron will not sign with the Memphis Grizzlies.

**Miami Heat**

LeBron will go back to Miami because he left his white headband there and wants it back.

**Milwaukee Bucks**

LeBron loves freaks. He will join the Greek Freak and sign with the Bucks. Then they will sign Rick James to preform every halftime so he can sing LeBronâ€™s favorite song â€œSuper Freakâ€

**Minnesota Timberwolves**

LeBron wants to learn from former MVP Derrick Rose. He also wants to torture his body and allow Coach Thibs to play him all 48 minutes for all 82 games.

**New Orleans Pelicans**

LeBron loves smoothies. He will join the Brow and sign with the Pelicans, so he can get unlimited smoothies at the Smoothie King Center.

**New York Knicks**

LeBron loves NY. He will go to New York to sign with the Knicks to play in historic Madison Square Garden. During the drive to the stadium, his driver makes the correct turn and they end up in MSG. LeBron realizes this and signs with the Knicks.

**OKC Thunder**

LeBron will sign with the Thunder so he can play with Russell Westbrook for one season, then leave after that and become an even better player.

**Orlando Magic**

LeBron will take his talents to Central Florida. He will sign with the Magic and lead them to another Finals lost.

**Philadelphia 76ers**

LeBron will sign with the 76ers because he trusts the process. LeBron will single handedly play bad for 3 seasons and tank so that the 76ers will get more draft picks to add to their squad. Then by age 37, LeBron will have what he needs to win another Eastern Conference Finals.

**Phoenix Suns**

LeBron loves hot-related teams. He will sign with the Suns and win 2 championships to prove to Pat Riley that he isnâ€™t so special with his so called â€œHeatâ€ for the â€œSunsâ€ are the hottest thing in the universe.

**Portland Trail Blazers**

LeBron loves Nike. He will sign with the Blazers so that he can spend his off days at Nike headquarters creating new shoes.

**Sacramento Kings**

LeBron is the King. He will sign with the Kings, because thatâ€™s where he belongs.

**San Antonio Spurs**

LeBron loves Coach Pop. He will sign with the Spurs to learn from him, only to find out Coach Pop actually has no idea what heâ€™s doing and is just really lucky. LeBron will use that luck to convince Kawhy? To stay and they will win a championship every other year in 2019, 2021, and 2023.

**Toronto Raptors**

LeBron will sign with the Raptors just to check up on them and make sure they are ok.

**Utah Jazz**

LeBron loves jazz. He will sign with Utah only to find out they donâ€™t actually have jazz. He will then force a trade to New Orleans to be close to real jazz and because he remembered that he loves smoothies.

**Washington Wizards**

LeBron loves politics. He will sign with the Wizards so he can play basketball and also become the next president of the United States in 2020.



**EDIT**

Some of you have been asking for this, so here you go...

**Seattle Supersonics**

LeBron won't sign with this team because it doesn't exist. >doesnâ€™t want to be under the shadow of Laker greats

>doesnâ€™t want to be under the shadow of Clipper goods",r/nba
r/hiphopheads,"enjoy. www.chanceraps.com

 You did a good ass job, Chance.",r/hiphopheads
r/hiphopheads,"[ORIGINAL] This is what a $2 Lil B feature got me link â€œThe person on the first verse sucks, I got on the song because he sucks. Letâ€™s get it.â€

Incredible.",r/nba
r/hiphopheads,"My brother RogÃ©t Chahayed, who wrote and played the keys in the intro of SICKO MODE link Those keyboards were so distinctive and made he song recognizable. ",r/nba
r/hiphopheads,"[FRESH] Kanye West ft. Kendrick Lamar - No More Parties In LA link did not expect ""very very extremely soon"" to be 4 in the morning damn",r/hiphopheads
r/hiphopheads,Tekashi 6ix9ine Pleads Guilty to Nine Counts link He could have gone out in style by requesting another 60 counts. ,r/hiphopheads
r/hiphopheads,"[SHOTS FIRED] T.I responds to Donald Trump calling out Snoop Dogg link They say that every time a black person faces an injustice [TI's hat moves another 8 degrees](http://ima.ulximg.com/image/500x500/cover/1453648398_ec82197794b0119747066153584bbedd.jpg/009953b706565436b312fec8fb2d59e1/1453648252_926539534e078aa03af9b584efccb709.jpg) in defiance of gravity.

Edit: Somebody put this on twitter an TI retweeted it so I've technically ghostwritten for TI.  Hi mom.",r/hiphopheads
r/hiphopheads,"Rich Brian is the first Asian artist in history, to ever reach #1 on the ITunes Hip Hop Chart. link MIA or Far East Movement never did it?",r/nba
r/hiphopheads,"Pusha-T - The Story of Adidon link The clear and precise enunciation on ""YOU ARE HIDING A CHILD"" gotta be one of the most hilarious diss lines ever. 

Push sounded like he wanted the classroom to repeat after him.",r/nba
r/hiphopheads,"Prodigy from Mobb Deep has passed away link ~~Still awaiting confirmation from his publicist~~ 

[XXL] (http://www.xxlmag.com/news/2017/06/prodigy-dies-at-42/) has gotten confirmation

Further confirmation from [TMZ] (http://www.tmz.com/2017/06/20/prodigy-dead-mobb-deep/)

Official statement is as follows

>It is with extreme sadness and disbelief that we confirm the death of our dear friend Albert Johnson, better known to millions of fans as Prodigy of legendary NY rap duo Mobb Deep. Prodigy was hospitalized a few days ago in Vegas after a Mobb Deep performance for complications caused by a sickle cell anemia crisis. As most of his fans know, Prodigy battled the disease since birth. The exact causes of death have yet to be determined. We would like to thank everyone for respecting the familyâ€™s privacy at this time.



Condolences from [Havoc] (https://www.instagram.com/p/BVklGdbhLuU/?hl=sv)

[HHDX article] (http://www.hiphopdx.com/editorials/id.3794/title.reactions-to-prodigys-death-are-pouring-in) with other reactions

Much more below to show just how huge of a hit this is to hip-hop

RIP to a legend",r/nba
r/hiphopheads,Denzel Curry freestyles while the show is stopped due to sound problems tonight in Austin link [Q&A](https://youtu.be/moJNWvJ_EyU) (thanks /u/Jared_Rollins),r/hiphopheads
r/hiphopheads,Anderson .Paak Announces New Album; Ventura out April 12th link Anderson .Paak is for the people.,r/hiphopheads
r/hiphopheads,ScHoolboy Q takes Mac Miller on a date after he was feeling depressed link Q doing the barrel roll through the lasers is still one of the funniest things Iâ€™ve ever seen ,r/nba
r/hiphopheads,[FRESH] Kendrick Lamar - The Blacker The Berry link damn this is like the angriest song about pacifism I've ever heard,r/hiphopheads
r/hiphopheads,[SHOTS FIRED] Eminem BET Hip Hop Awards Cypher Trump Diss link releasing a censored Eminem freestyle is like watching an NBA game and closing your eyes for all the dunks,r/nba
r/hiphopheads,"The Immortal Legacy of Seba Jun, known to many as Nujabes, a legendary Japanese hip-hop producer who kickstarted what could be considered the modern lo-fi movement, alongside Dilla, Madlib, and others. I've spent the last 9 months interviewing those close to him, for further insight. link This is absolutely incredible. Thank you for your hard work- tracking all these people down and doing all this research.

&#x200B;

Like most people I've been a fan of Nujabes since Samurai Champloo and I feel like I've rediscovered him through all the new content in your interviews.

&#x200B;

I mean.. you have the fucking notes that Shing02 used to write Luv Sic. I'm blown away.",r/nba
r/hiphopheads,"Joey Bada$$ owes me money and itâ€™s sad cuz I fw him sincerely :( [My story via twitter](https://twitter.com/acehashimoto/status/1108359002486796288?s=21)

As some of yâ€™all know, my name is brandUn DeShay. I produced a lot of songs over the years but the ones weâ€™re talking about today are â€œSchool Highâ€ & â€œLast Cypherâ€.

It's been almost 2 MONTHS since I heard from Joey Bada$$ yall....
I wanna give him the benefit of the doubt that he's a much busier man than me these days, but I've also reached out to his label management over the last 5 months and still no reply.

These beats I produced for Joey were done when I was 2 or 3 yrs in and for years these songs remained FREE mixtape downloads and I had no problem with that. I never asked for bread because technically no one was getting paid.

Until recently (December 12/23/18) Joey re-released the PEEP the Aprocalypse mixtape on all streaming platforms. Therefore generating bread off streams and DID NOT ask my permission, did not do splits or even work out a deal to just buy my share of the publishing from me.

To me, if you making money off the work/effort of another man, make sure that man eating too ğŸ¤·â€â™‚ï¸ğŸ¤·â€â™‚ï¸ğŸ¤·â€â™‚ï¸

And I hate takin shit like this public cuz usually i think that shit is corny asf... butttt I'm still tryna avoid taking this to court to retrieve the ğŸ’°. 

I hope Joey reaches back so we can figure this out... the ""producer x rapper"" relationship in Hip-Hop deserves some success stories.

Please retweet or share if this resonates at all. 




 I wanna add one more thing. 

This EXACT situation happened with me and Mac Miller before he passed (RIP to malcom cuz he was an angel).

Mac wanted to re-release his mixtape â€œMacadelicâ€ for free and you know what he did? 

He contacted me first about â€œAliens Fighting Robotsâ€ and sent me paperwork!!!
We agreed on a price, permissions, splits and that was it. Everyone went home happy and you can now stream Macadelic on Spotify rn. 

Mac Miller handled his business properly. Be like Mac Miller. ",r/nba
r/hiphopheads,"Kanye West Donates $150,000 to Family of Chicago Security Guard Killed By Cops link thanks Kanye Very cool!

No its cool that Kanye is trying to help ",r/hiphopheads
r/hiphopheads,LIFE OF PABLO DOWNLOAD LINK [TIDAL] link Stream: http://listen.tidal.com/album/57273408,r/hiphopheads
r/hiphopheads,"Kanye West tweets about his upcoming album TLDR: 

Pusha T's album ""King Push"" - May 25th

Kanye's solo album: June 1st

Kanye & Kid Cudi's joint album ""Kids See Ghost - Kids See Ghost"" - June 8th

Teyana Taylor's album - June 22nd



# first tweet 
https://twitter.com/kanyewest/status/987049500177920000
> my album is 7 songs

screenshot: https://imgur.com/iABCGw0

# second tweet: 


https://twitter.com/kanyewest/status/987049937434112000

> June 1st

screenshot: https://imgur.com/EY4hM1T

# third tweet:

https://twitter.com/kanyewest/status/987051337782181889

> me and Cudi album June 8th

screenshot: https://imgur.com/4Cm1BL4

# fourth tweet

https://twitter.com/kanyewest/status/987052001023279104

> it's called Kids See Ghost. That's the name of our group

screenshot: https://imgur.com/4tm8Y62

# FIFTH AND SIXTH TWEETS// KING PUSHA ALBUM MAY 25th! 

5. https://twitter.com/kanyewest/status/987069464687489024

6. https://twitter.com/kanyewest/status/987069631696289792


> Teyana Taylor June 22nd

> Pusha T May 25th

screenshot: https://imgur.com/DdfS0yd


EDIT: 

not to sound condescending but i'm just gonna add a couple of discussion questions here incase y'all get tired of 'father stretch my anus' jokes and lyric chains:

What direction do you think ~~this album is~~ these albums are going to take? What direction would you like to see them take? Do you think the length of the album is good or bad? What influences are we supposed to see on the album? Do you think he's gonna release it in time?


We know he's let Charlamagne hear some of it, and I believe Nas reportedly was working on something with Kanye too, what do you think it is? 

edit 2: 

why didn't kanye tweet the name of his own album? I'm assuming the second one is Kids See Ghost - Kids See Ghost

Why is ghost singular? do you expect both the drop? which one do you think will sell more? 
 Keep your shitposts contained to here thx lads^^^hopethealbumsaregood",r/hiphopheads
r/hiphopheads,[FRESH VIDEO] Childish Gambino - Feels Like Summer link Isn't Gambino about to leave the rap game? Video kind of seems like he's taking one last stroll through the rap scene and reminiscing about everything that's been happening before he goes home and puts it all behind him. ,r/hiphopheads
r/hiphopheads,"21 Savage arrested by ICE https://mobile.twitter.com/MarkWinneWSB/status/1092155141636214784

*ICE spokesman Bryan Cox: â€œU.S. Immigration and Customs Enforcement (ICE) arrested unlawfully present United Kingdom national Sha Yaa Bin Abraham-Joseph AKA â€˜21 Savageâ€™ during a targeted operation with federal and local law enforcement partners early Sunday in metro Atlanta.â€*

**Original tweet**: https://mobile.twitter.com/MarkWinneWSB/status/1092154199096418310

*Breaking: ICE has arrested  #21Savage official confirms 
@wsbtv*

**Update**: ""https://mobile.twitter.com/MarkWinneWSB/status/1092155899559534599""

*""Mr. Abraham-Joseph was taken into ICE custody as he is unlawfully present in the U.S. and also a convicted felon. Mr. Abraham-Joseph initially entered the U.S. legally in July 2005, but subsequently failed to depart under the terms of his nonimmigrant visaâ€, Cox emailed*

**Update #2**: https://mobile.twitter.com/MarkWinneWSB/status/1092157166172233731

*More from ICE spokesman: â€œMr. Abraham-Joseph is presently in ICE custody in Georgia and has been placed into removal proceedings before the federal immigration courts. ICE will now await the outcome of his case before a federal immigration judge to determine future actions.â€*

**Update #3**: https://twitter.com/CNNValencia/status/1092159977781972992 (Okay, I really don't know what to make of this one)

*BREAKING- @ICEgov spokesman tells me @21savage was taken into custody by ICE. â€œHis whole public persona is false. He actually came to the U.S. from the U.K. as a teen and overstayed his visa.â€  MORE COMING*

**Update #4**: https://twitter.com/CNNValencia/status/1092162339250544640

*BREAKING- @21savage initially entered the U.S. legally in July 2005, but subsequently failed to depart under the terms of his nonimmigrant visa and he became unlawfully present in the U.S. when his visa expired in July 2006: @ICEgov*

**Update #5**: https://twitter.com/MarkWinneWSB/status/1092176534666907649

*Important new info on #21Savage arrest: am told it was NOT part of a SuperBowl -related ICE operation, that he was in car with another hip hop artist who was subject of a local police bust @wsbtv*

**Comment from 21 Savage's Attorney**: https://variety.com/2019/music/news/21-savage-arrested-by-ice-deported-1203127294/#xcess

*The rapperâ€™s attorney, Dina LaPolt, told Variety: â€œWe are working diligently to get Mr. Abraham-Joseph out of detention while we work with authorities to clear up any misunderstanding. Mr. Abraham-Joseph is a role model to the young people in the country â€” especially in Atlanta, Georgia and is actively working in the community leading programs to help underprivileged youths in financial literacy.â€*

**Update #6**: https://twitter.com/CNNValencia/status/1092193076553138176

*BREAKING- @21savage was in the car with another rapper who was the target of a criminal arrest. 21 was taken into custody by law enforcement after they learned of his immigration status. â€œThere is no misunderstanding. 21 Savage is a British National.â€: Law Enforcement source*

**Update from DJ Akademiks**: https://twitter.com/Akademiks/status/1092197261881368578 (credit to /u/Happy_Viper)

*Spoke to 21 savage team... this whole situation a big misunderstanding ... hope it gets cleared up quickly. Thereâ€™s a logical explanation behind everything as well... but until then them U.K. jokes gonna fly.  When the real story comes out a lot will identify with it .* >There is no misunderstanding. 21 Savage is a British National.

this is the funniest line i heard this decade",r/hiphopheads
r/hiphopheads,Machine Gun Kelly plays the guitar for a cute little fan after she tells him that he didn't play her favorite song at the show link Do you think maybe he said that he forgot the words or whatever because he didnâ€™t want to serenade a 4 year old with â€œspent a night at the strip clubâ€?,r/nba
r/hiphopheads,"[SHOTS FIRED] ""You got a 100k floating around for info? Canâ€™t no amount of money create skeletons that donâ€™t exist... #ImUpset ğŸ¤£"" - Pusha T https://twitter.com/PUSHA_T/status/1002370704652800002?s=19

https://i.imgur.com/vIctXR0.png ""The budget for this beef was 100k... we gave it all away""
",r/hiphopheads
r/hiphopheads,"This pill popping culture needs to end now. We donâ€™t need to Loose anybody else. link I've been on a path to educate people on benzodiazepine (Xanax, Klonopin, Valium, etc) withdrawals IRL and on the internet. **I really hope this post gets some attention because the info is important.**


**Benzos and alcohol are the only two classes of drugs that can kill you when withdrawing from them.**


I'll try to keep it simple. Benzos (and alcohol) work by making a neurotransmitter, GABA, more effective when it binds to the brain. GABA basically reduces how strong/powerful nerve impulses are, so when you're anxious and on edge, these drugs will sedate and chill you out by reducing the excitability of the brain cells associated with anxiety, muscle stiffness, etc.


When you take both drugs for a long time and suddenly stop, you start with rebound anxiety. Your neurons start going into hyperactive mode because the GABA is less effective after you artificially strengthened them by taking Xanax and drinking a lot. A few days later, your brain starts going really hyperactive and you can experience things like delirium tremens, seizures, and die. **It's long suspected that rappers like Lil Wayne and G Herbo have had seizures due to benzo dependence.**


What's worse? Benzos can cause post acute withdrawal symptoms that can start days or weeks after your last dose. You think you're fine and recovered until you start experiencing awful symptoms of anxiety, panic, tetany, and even seizures depending on how much you were dosing and how often. **I know from personal experience with friends who are still struggling with withdrawal issues 2 years after quitting.**


**Xanax is not cool. Percocets are not cool.** They are big pharma literally making you dependent on them for life for $$$. No matter how much of a badass you think you are, you are absolutely fucked if you take these drugs for a long period of time. 


If you are taking more than 4 mg of Xanax, 4 mg of Klonopin, or 40 mg of Valium a day, you can die if you miss your doses. **PLEASE GET HELP NOW**. Seriously, do not quit cold turkey. You need a professional to help you taper and when you do go get help, mention something known as the **Ashton Manual created by Dr. Heather Ashton**. It will limit your chance of seizing and dying by titrating your dose down.


There's a ton more info I can provide on this topic through my years of drug education and research. Please PM me if you need help. I'm very cognizant of drugs I put in my body and I whole heartedly believe that benzos are the next major epidemic for our generation and that the effects of this class of drugs are going to lead to way more issues than the opiate epidemic we have right now.


&nbsp;

&nbsp;




**EDIT: I see this post is blowing up so I want to clarify a few things!**


**1)** I'm not a licensed medical professional. I am an engineer with a lot of self-taught knowledge on psychology, neurology, and biochemistry. **The number 1 piece of advice for anyone who feels like they are in a serious situation is to go to a doctor. Check yourself into an inpatient ER if you need to. But make sure you discuss that you are fearing seizures/withdrawals and you need to be checked in and monitored**.


**2)** I did not mean to downplay the severity of opiate withdrawals. There have been a few documented cases of opiate withdrawal related seizures and deaths. It is just far more likely to occur when withdrawing from GABAergic drugs. This means that sleeping pills, RC benzo/thienodiazepines (like Etizolam), GHB/GBL, barbiturates can all manifest themselves into benzo withdrawal symptoms. Please get help if you think you need it!


**3)** I'm going to put together a list of resources and supplements in a document so I can post it here later. Please do not use it as medical literature, but it is there to help those of you who are really struggling at least cope a bit better. 


**4)** I know about fake presses, fent getting into pills, etc. I also understand Peep had a polydrug overdose. However, that doesn't take away from the fact that both drugs he took can be lethal by themselves. It also emphasizes the importance of not buying fake presses online and for harm reduction purposes, trying a small amount before dosing large quantities of pills.


**5)** While I put together my resources, here are a few pointers that are quick wins:

a) CBD and Magnesium supplements helped me quite a bit. Everyone can be different but there is sound research out there supporting this. Calcium deficiencies may also cause some of your symptoms. The best idea is to get some lab work done to see if you are deficient.

b) Do not go cold turkey if you're on any dose of benzos. Talk to your doctor before making any decision to stop taking your drugs.

c) Beta blockers do a good job of stopping physical anxiety symptoms. They are also not habit forming and not addictive. Talk to your doctor about this.



**REMEMBER: You all matter and deserve to break free from your demons. You're not alone in your battles and if you're struggling, know that you have amazing people ready to listen and support you even if it doesn't seem like it. Please find good providers who listen to you and use medical intervention when necessary. I've been getting tons of messages and trying to get back to all of them but if I miss yours, please don't feel bad! I'm extremely busy with life right now so I may not get to everything right away. Cheers people and stay safe :)**
",r/nba
r/hiphopheads,"Kanye tweets â€œMy eyes are now wide open and now realize Iâ€™ve been used to spread messages I donâ€™t believe in. I am distancing myself from politics and completely focusing on being creative !!!â€ The first tweet that sparked it said...

Kanye - â€œI introduced Candace to the person who made the logo and they didnâ€™t want their name on it so she used mine. I never wanted any association with Blexit. I have nothing to do with it.â€

https://twitter.com/kanyewest/status/1057382888520499201?s=21

Second tweet which is in the title.

https://twitter.com/kanyewest/status/1057382916760707072?s=21

More screenshots of Kanyeâ€™s earlier tweets talking a little about his beliefs. 

https://imgur.com/a/4kFoRMt [More tweets](https://twitter.com/kanyewest) (add these to the OP):

>I support creating jobs and opportunities for people who need them the most, I support prison reform, I support common-sense gun laws that will make our world safer.

>I support those who risk their lives to serve and protect us and I support holding people who misuse their power accountable.
 
>I believe in love and compassion for people seeking asylum and parents who are fighting to protect their children from violence and war.

>I would like to thank my family, loved ones, and community for supporting my ACTUAL beliefs and my vision for a better world.

[TMZ story about the tweets as some new info](http://www.tmz.com/2018/10/30/kanye-west-donald-trump-used-blexit-candace-owens/).

>Kanye contacted us to make it clear he did not mention Donald Trump in his tweets, and he's getting out of politics altogether.

>As for being ""used"" ... he says he was specifically referencing Blexit, and that's it.

",r/hiphopheads
r/hiphopheads,[Fresh Video] Kendrick Lamar - DNA. link I lowkey thought Q was bout to hit us with a verse.,r/hiphopheads
r/hiphopheads,"[FRESH] Pusha T - THE STORY OF ADIDON ( Drake Diss) link Between the cover pic and the bars, this is a fucking bodybag. 

Unless Drake exposes Pusha as a pedophile or something, I don't see how he can come back from this. ",r/hiphopheads
r/hiphopheads,"21 Savage says he saw guns & lights when then they arrested him and then said ""We got Savage."" link [Full Interview](https://abcnews.go.com/GMA/Culture/video/rapper-fears-deportation-ice-arrest-61096248)",r/hiphopheads
r/hiphopheads,"Kanye West and his family will compete on an upcoming episode of Family Feud link There's gonna be a bar in his next album about how we like to watch his family feud. 

Ye Just doing it for the material.",r/hiphopheads
r/hiphopheads,"Jaden Smithâ€™s foundation is bringing clean water to Flint link This is incredibly unfair for those in Flint, and shouldâ€™ve been prevented, with that said, we are where we are. We need to just keep working on replacing pipes. 

It is an enormous task; so far > 8,000 pipes have been replaced to date, about 11,000 more are tasked to be replaced by mid-2019. 

Progress! Itâ€™s only getting better from here. ",r/nba
r/hiphopheads,"Travis Scott Required NFL to Make Charitable Contribution in Super Bowl Halftime Deal link My least favorite trend in music journalism is when they refer to artists by their most popular song â€œthe sicko mode starâ€

I remember once they referred to Kanye as â€œthe Fade rapperâ€ like over a year after TLOP came out ",r/hiphopheads
r/hiphopheads,"Mac Miller Dead at 26 link My worst fears for Mac have come true. His verse from â€œGod Speedâ€ has come to fruition:

â€œThey donâ€™t want me to OD and have to talk to my mother
Telling her they could have done more to help me
And sheâ€™ll be crying saying that sheâ€™ll do anything to have me backâ€

This is so terrible. Gone way too soon. RIP Mac, he will live on through his music from this day forward.",r/nba
r/hiphopheads,[FRESH VIDEO] Drake - Gods Plan link More Drake and Antonio Brown dancing scenes,r/hiphopheads
r/hiphopheads,"21 Savage Released on Bond Pending ICE Deportation Hearing link >[Turns out #21Savage was granted a bond, but will not been released from immigration custody until Wednesday morning. #ICE agents him arrested nine days ago.](https://twitter.com/PortiaFOX5/status/1095439024553160710)",r/hiphopheads
r/hiphopheads,"LiL PeeP reported overdosed at Tuscon show https://www.reddit.com/r/G59/comments/7da0t7/dont_know_where_else_to_post_this_but_lil_peep/
____________________________

FINAL UPDATE : https://pbs.twimg.com/media/DOy3ycfVQAAD_Gx.jpg:large

seeing alot of reports about this chick ""mariah being arrested for it"". This is alleged mind you, but I'm gonna post it here.

All information regarding mariah: https://everipedia.org/wiki/mariah-bons/
______________________________________

LiL PeeP died from a drug overdose at estimated 22:00 local time. For those of you that don't know, Lil Peep was a soundcloud rapper who blended alt rock with rap. His music helped alot of people through depression and other hard times. 
_______________________________

If you dont know who LiL PeeP is, heres one of his most popular songs https://www.youtube.com/watch?v=qwzQPh7dW_4 

and a short interview: https://noisey.vice.com/en_uk/article/a3dedg/first-date-lil-peep-interview
____________________________________________________
From /u/theBindingOfAsac : ""Bus is caution taped off, fire and ambulance left, cops guarding bus, staff telling people not to record, threatening to take people's phones, saying recording is disrespectful""

""Bexxy (one of PeeP's best friends) is outside the venue crying saying this ain't happening and he doesn't want to be alive""


___________________________________________________
Places you can get help (please feel free to list what resources helped you, include country if it applies):

http://pillreports.net/

https://rollsafe.org/

https://www.addaction.org.uk/

USA:

[Substance Abuse and Mental Health Services Administration 24/7 helpline
](https://www.samhsa.gov/find-help/national-helpline)

UK: http://www.urban75.com/Drugs/helpline.html

France:

http://www.drogues-info-service.fr/

Australia: 

 Crisis support and suicide prevention - https://www.lifeline.org.au/

__________________________

tweets (including underground artists):

playboi carti : https://twitter.com/playboicarti/status/931066783670329344

lil uzi vert : https://mobile.twitter.com/LILUZIVERT/status/931261399027740672

el-p :https://twitter.com/therealelp/status/931152572290711553

bella thorne : https://twitter.com/bellathorne/status/931055012570021889

diplo : https://twitter.com/diplo/status/931058607596044288

chxpo : https://twitter.com/CHXPO/status/931087036718768128

clams casino : https://twitter.com/clammyclams/status/931070833308532737

chetta : https://twitter.com/J_Chetta/status/931042719086055425

mikey the magician : https://twitter.com/_MXTXM/status/931050442527772672

kirblagoop : https://twitter.com/KirbLaGoop/status/931141069084987393

pouya : https://twitter.com/Pouyalilpou/status/931112507900645376

xavier wulf : https://twitter.com/XavierWulf/status/931049934672994304

pewdiepie : https://twitter.com/pewdiepie/status/931092169133305856

yung pinch : https://twitter.com/yungpinch/status/931054039206281216

yung goth : https://twitter.com/yunggoth300/status/931045158941900801

coldheart : https://twitter.com/Coldh4rt/status/931053779427803136

mackned : https://twitter.com/NedsWorld/status/931025176925372418

rozz dyliams : https://twitter.com/ROZZDYLIAMS/status/931070603301236736

j green : https://twitter.com/JGRXXN/status/931066401330118656

omenxiii : https://twitter.com/omenxiii/status/931050855536648192

juicy j : https://twitter.com/therealjuicyj/status/931062299632328705

makonnen : https://twitter.com/iLoveMakonnen5D/status/931078822560129024


horsehead : https://twitter.com/RealHorseHead/status/931061899201978368

nedarb : https://twitter.com/NEDARBNAGROM/status/931055017695596544

astari : https://twitter.com/astari/status/931043954337882112

getter : https://twitter.com/GetterOfficial/status/931067019608260608

simmie : https://twitter.com/275YUNGSIMMIE/status/931054984447299585

shakewell : https://twitter.com/ShakeWell818/status/931067855524659200

black smurf : https://twitter.com/IAmHustleGod/status/931059533715329031

pete wentz : https://twitter.com/petewentz/status/931071510114050048

max beck : https://twitter.com/MaxDotBam/status/931052115945910272

travis barker : https://twitter.com/travisbarker/status/931058294495444993

riff raff : https://twitter.com/JODYHiGHROLLER/status/931050717028036608

bexey : https://twitter.com/BEXEYSWAN/status/931043873979187200

bexey 2 : https://twitter.com/BEXEYSWAN/status/931057963787096066

bexey 3: https://twitter.com/BEXEYSWAN/status/931068690564464645

bexey 4 : https://twitter.com/BEXEYSWAN/status/931070038584582144

bexey 5: https://twitter.com/BEXEYSWAN/status/931199459572162560

joji : https://twitter.com/sushitrash/status/931053361323040768%5D(joji)

post malone : https://twitter.com/PostMalone/status/931045155502661632

lil yachty : https://twitter.com/lilyachty/status/931046326820884480

night lovell : https://twitter.com/nightlovell/status/931052100133498880

marshmello : https://twitter.com/marshmellomusic/status/931040657308651520

lil pump: https://twitter.com/lilpump/status/931046396819529729?ref_src=twsrc%5Egoogle%7Ctwcamp%5Eserp%7Ctwgr%5Etweet

https://twitter.com/KenshinTravis/status/931052327116603392

father: https://twitter.com/father/status/931052240713932800

george orozco :https://twitter.com/George_Orozco/status/931051745358184448

bobby raps : https://twitter.com/bobbyraps/status/931055523016749056

ruby da cherry : https://twitter.com/suicideLEOPARD/status/931056376054345729

lil b : https://twitter.com/LILBTHEBASEDGOD/status/931056318340743168

asap ant : https://twitter.com/ygAddie/status/931054070709633024

denzel curry : https://twitter.com/denzelcurry/status/931055214370549760

yung bans : https://twitter.com/YUNGBANS/status/931053412761907200

ty dolla sign : https://twitter.com/tydollasign/status/931054288670924800

melon : https://twitter.com/theneedledrop/status/931051199389978624

fat nick : https://twitter.com/_FatNick/status/931052685800935424


____________________________

""Guys CSI and Coroner just showed up, sorry everyone"" Seems like PeeP is dead. I'll edit if he isnt but atm im heartbroken. please pm me if you have any info regarding his life status
__________
https://imgur.com/CNmWx8b

https://imgur.com/zhwzGOG

https://imgur.com/HBatGbU



__________________

https://youtu.be/b7F8HNxSjMY video of coroners going through his tour bus

https://www.youtube.com/watch?v=JHXsAiFusac video of corner van driving awy

___________________

if you are struggling with drug addiction or mental illness please seek help, there are many resources and people out there who can help you. i love you all im sorry to bring you this news thank you to /u/theBindingOfAsac for all the informatrihon. please dont post disrespectful comments im trying to read all the comments and the people that are hurting from this dont want to read your hate.
_______________

here are some of my favorite peep song, they helped me through lot

https://youtu.be/mxHxEEGN9KM

https://youtu.be/heJNHYCSsIc

https://youtu.be/1OW9K84EbU4 ""ive got a feeling im not gonna be here for next year""

https://youtu.be/ZzdtFiq36XI

https://youtu.be/Y8dihA5xuKg

__________________________

/u/fluorideboyzzz ""I live in AZ. Word on the street is he got counterfeit M-Box 30mg oxycodones and mixed with benzos, down here almost every 30 is counterfeit and full of fentanyl. Never seen an MBox30 that isn't fent.""

_____

After 10 hours of updating, im not updating this anymore. PM me if you really want something added to the post, but I'm not going to be reading comments anymore. Thank you for anyone who showed support to peep and his family.

 Please keep your disrespectful comments to yourself.

Thank you to OP for keeping us updated.

RIP",r/hiphopheads
r/hiphopheads,"[OFFICIAL] Mac Miller Memorial Thread This is the official memorial thread for Mac Miller

- **There will be zero tolerance for disrespectful comments in this thread.**
- All songs by the artist and non-news posts about the artist (e.g. reactions, tributes, etc.) should be posted within this thread, any posted outside of this thread will be removed whether or not they violate subreddit rules.

R.I.P Mac Miller, 1992 - 2018  


**UPDATE 9/12**:

[Mac Miller Vigil in BSP](https://www.youtube.com/watch?v=aYQrwXdRNHY)

[Kendrick Lamar speak on Mac](https://twitter.com/ComplexOpenLate/status/1039985229828698113)

**UPDATE**:

[Shane Powers says goodbye to Mac](https://soundcloud.com/shaneshow/091018-shane-says-goodbye-to-mac-miller)

[Earl Sweatshirt - Mac spirit allowing me to fuck with my music rn and im THANKFUL](https://twitter.com/earlxsweat/status/1039086608740315136)

--
  
[Wiz Khalifa - Praying for Macâ€™s family and that he rest easy ğŸ‘¼ğŸ½ #pgh #412](https://twitter.com/wizkhalifa/status/1038159375301402624)  
  
[Jaden Smith - ""Long Live Mac Miller, Rest In Peace We Love You](https://twitter.com/officialjaden/status/1038165566521978881)  
  
[Chance the Rapper - ""I dont know what to say Mac Miller took me on my second tour ever. But beyond helping me launch my career he was one of the sweetest guys I ever knew. Great man. I loved him for real. Im completely broken. God bless him.""](https://twitter.com/chancetherapper/status/1038165803370270720)  
  

[Soulja Boy - ""RIP Mac Miller ğŸ™ğŸ½""](https://twitter.com/souljaboy/status/1038170342697533440)  
  

[Rex Orange County - ""this is incredibly sad. mac miller was a great person and my friend rip :(""](https://twitter.com/rexorangecounty/status/1038170482355392512)  
  

[JPEGMAFIA - ""RIP Mac Miller. I canâ€™t believe this shit""](https://twitter.com/darkskinmanson/status/1038170279921381378)  
  

[Q-Tip - ""Damn.... @MacMiller we worked pn sum fire a while back he had tribe tatooed on his arm. Super sweet dude man. Comfolences to his fam ğŸ™ğŸ½ğŸ™ğŸ½""](https://twitter.com/QtipTheAbstract/status/1038170997504008196)  
  

[Shawn Mendes - ""Unreal. So sad. RIP Mac Miller â¤ï¸""](https://twitter.com/ShawnMendes/status/1038167188203397120)  
  

[J. Cole - ""Rest In Peace to the great soul Mac Miller""](https://twitter.com/JColeNC/status/1038171577110544385)  
  

[YBN Nahmir - ""I remember staying up late af & always hearing â€œDonald Trumpâ€ by @MacMiller on @MTV at like 5AM when I was younger. Sad to see a legend pass away.""](https://twitter.com/YBNNahmir/status/1038171789430587397)  
  

[Alison Wonderland - ""RIP Mac Miller ğŸ˜”](https://twitter.com/awonderland/status/1038171474937434114)  
  

[Skyzoo - ""RIP to the homey @MacMiller. Super cool dude who was a good friend and a true hip hop head. Always showed wild love when weâ€™d link. Smh.""](https://twitter.com/skyzoo/status/1038171944754061313)    
  

[Father - ""RIP Mac man, what the fuck""](https://twitter.com/father/status/1038165548847136768)  
  
[Earl Sweatshirt - ""bro plz""](https://twitter.com/earlxsweat/status/1038164300362203136)/[""THE MAN WAS TOO GENEROUS ! HE EXTENDED HIS HOME TO ALL OF US . PEACE TO THE MILLER FAMILY AND THE WHOLE EXTENDED FAMILY. WE HURTIN""](https://twitter.com/earlxsweat/status/1038175960707657729)  
  
[Domo Genesis - ""My heart is broken af, thatâ€™s my fucking bro man.""](https://twitter.com/DamierGenesis/status/1038170479192768513)  
  
[Zack Fox - ""we all felt supported and loved by Mac and thatâ€™s incredible, thank you for supporting me, thank you for the music, we was just roasting russ, I told you to go on a date with betty white to make everybody mad, enjoy your peace brother""](https://twitter.com/zackfox/status/1038171406347857920)  
  
[ZOMBIE Juice - ""Dam Rip Mac Always showed us  love""](https://twitter.com/ZOMBIEJuicee/status/1038172855089995777)  
  
[Desus Nice - ""Rip Mac Miller. Damn""](https://twitter.com/desusnice/status/1038169422333206530)  
  
[ICYTWAT - ""man, i deadass smoked my first or second blunt to k.i.d.s at 12 lmao hiding in my backyard playing that shit off my zune mp3 :-( rip Mac.""](https://twitter.com/ICYTWAT/status/1038169095039053824)  
  
[AKTHESAVIOR - ""Rip to the young legend Mac miller thanks for all the love you showed us man canâ€™t believe this shit. Our generation needs to open up there eyes and see thereâ€™s only one ending result to drug abuse and thereâ€™s no coming back. I love all of you. Tired of loosing our leaders to drugs.""](https://www.instagram.com/p/BncFzgqAOJW/?utm_source=ig_twitter_share&igshid=klic83fwxq0m)  
  
[Mick Jenkins - ""peace be on his closest friends and loved ones..rip Mac""](https://twitter.com/mickjenkins/status/1038165397806219267)  
  
[Pusha T - ""ğŸ˜”ğŸ™ğŸ¿ #RIP @MacMiller""](https://twitter.com/PUSHA_T/status/1038171078928097280)  
  
[Joey Fatts - ""@MacMiller RIP Bro, was just by the old crib yesterday. You will be missed.""](https://twitter.com/JoeyFatts/status/1038164575160393728)  
  
[Logic - ""Mac I Love You! You were a huge inspiration on my come up. Thank you for the countless hours of fun listening to your music with my homies! This has me so fucked up! You will be missed and always remembered #KIDS""](https://twitter.com/Logic301/status/1038174899142107136)  
  
[El-P - ""oh man. rest in peace Mac Miller.""](https://twitter.com/therealelp/status/1038167519004188672)  
  
[Bodega Bamz - ""Wowowowowowowowowoowowow DAMN MAC""](https://twitter.com/BodegaBAMZ/status/1038166139338153986)  
  
[Casey Veggies - ""Rest Easy @MacMiller aka MAC Meezy. Canâ€™t believe Iâ€™m typing this. This one hurt bad..you really like a brother to me. Iâ€™ll never forget you bro, You will live forever. ğŸ™ğŸ½""](https://twitter.com/CaseyVeggies/status/1038163959612751872)  
  
[Post Malone - ""God fucking dammit. You were such an incredible person. You changed so many lives. Had so much love in your heart. You inspired me throughout highschool, and I wouldn't be where I was today without you. Never a more kind and sincere and beautiful person. I fucking love you mac.""](https://twitter.com/PostMalone/status/1038172663301066753)  
  
[The Internet - ""Love you brother. you gave so much to this world. Rest easy Malcolm.""](https://twitter.com/intanetz/status/1038166287703261186)  
  
[Lupe Fiasco - ""RIP Mac Miller Condolences to your family and friends. May God have mercy on your soul.""](https://twitter.com/lupefiasco/status/1038176679200542720?s=21)  
  
[Future - ""My guy MAC MILLER...rest up bro ğŸ™ğŸ¿""](https://twitter.com/1future/status/1038176657452937216)  
  
[Rich Brian - ""This is unbelievable. RIP Mac Miller, thank you for your beautiful work while you were here, this shit has got to stop happening.""](https://twitter.com/richbrian/status/1038176825879420928?s=21)  
  
[Bun B - ""I just talked to this kid like 3 weeks ago. This is so fucked up. Such a talented guy. Always had great energy. God bless you Mac. Rest In Peace.""](https://www.instagram.com/p/BncFjHzgXmA/?utm_source=ig_twitter_share&igshid=1ouks8qw1bcyr)  
  
[Da$h - ""Took this picture when I saw you a 2 weeks ago. I love you dawg. Canâ€™t ever thank you enough for being you. See when I get there.""](https://www.instagram.com/p/BncJMRRFg0R/?utm_source=ig_web_button_share_sheet)/[""MALCOLM IS SOME ONE I COULD NEVER THANK ENOUGH FOR BEING WHO HE WAS AND LOOKING OUT THE WAY HE DID. IM GOING TO MISS HIM EVERYDAY. Q, JIMMY, PEANUT SEND MY LOVE TO YALL NIGGAS.   MACWORLD.""](https://twitter.com/heirdash/status/1038192066705022976?s=21)  

  
[Joey Bada$$ - ""Breaks my heart every time we lose one... I will forever appreciate you bro you supported me and gave me a shot from the very beginning. Because of you a 17 year old and his friends from Brooklyn got to play in front of 5000 after a day of school. That shit changed my life. I wish we got to hang out more and make more music.... Life is way too short appreciate everyone every moment. â¤ï¸ R.I.P. MAC MILLER""](https://www.instagram.com/p/BncH2S6BX1G/?utm_source=ig_web_button_share_sheet)  
  
[AminÃ© - ""you always congratulated me on the little shit i did and made me feel great about my work. i canâ€™t believe this right now. a true artist and true friend. you will be remembered as one of the greats. love you mac, rest easy.""](https://www.instagram.com/p/BncGwNugjR9/?utm_source=ig_web_button_share_sheet)  
  
[A-Trak - ""I'm really hurting. Mac always showed love. He was always supportive and genuinely curious. I can't believe it. We just spoke last weekend. I loved watching his growth, this guy could do anything he wanted musically. Please watch his NPR Tiny Desk concert it's so good. ğŸ’”ğŸ’”ğŸ’”ğŸ’” RIP""](https://www.instagram.com/p/BncG2tLAgyY/?utm_source=ig_web_button_share_sheet)  
  
[Jonwayne - ""Don't read the news.  Read this.  This is the man I knew.""](https://twitter.com/jonwayne/status/1038174744061739009)  
  
[A$AP Rocky - ""REST IN PEACE KING, LOVE BROSAY ğŸ™ğŸ¿""](https://www.instagram.com/p/BncHJn5gZJ1/?hl=en&taken-by=asaprocky)  
  
[Lil Xan - ""I donâ€™t wanna do this shit no more,rest in peace to my hero""](https://www.instagram.com/p/BncFKaNnlGB/?utm_source=ig_embed)  
  
[Snoop Dogg - ""So sad u gone home young Mac I had to post this to smile and think about the good Time we had on the set of this movie man god bless ya family. Pittsburg we lost a real one today ğŸŒŸ @macmiller ğŸ™ğŸ¾""](https://twitter.com/snoopdogg/status/1038180214851788801?s=21)  
  
[Open Mike Eagle - ""goddamn. rest in peace Mac Miller""](https://twitter.com/mike_eagle/status/1038179838740185088?s=21)  
  
[?uestlove - ""Mac was one of the nicest, coolest dudes man. This is sad man.""](https://twitter.com/questlove/status/1038162610926088193)  
  
[Kehlani - ""WE WERE SUPPOSED TO GO TO OHANAS THIS WEEK I WAS SUPPOSED TO COME THIS WEEKEND WE WERE SHOOTING YOUR VIDEO NEET WEEK WE HAD TO FINISH YOUR NEW FAVORITE SHOW NO NO NO NO U GOT THE SATURN TATOO AFTER I DID UR CHART THIS IS TOO MUCH""](https://twitter.com/Kehlani/status/1038164407388319744)  
  
[Chevy Woods - ""Wow bro ... Rest easy @MacMiller Damn cuz ğŸ˜¢](https://twitter.com/CHEVYWOODS/status/1038165739373379584)  
  
[Solange - ""Rest in your peace Mac Miller. 
Always exuded so much kindness and goodness.  
Thank you for sharing your gifts with us all.""](https://twitter.com/solangeknowles/status/1038172867739836416)  
  
[Lil Dicky - ""so sad. mac miller was a great dude. when i began my career he went out of his way to talk to me on the phone and give me advice. an amazing artist and human being""](https://twitter.com/lildickytweets/status/1038173033423233024)  
  
[Alessia Cara - ""shocked & sad about Mac Miller. such a talented guy with so much life ahead. RIP.""](https://twitter.com/alessiacara/status/1038170492639895555)  
  
[Khalid - ""this hurts my heart man RIP bro @MacMiller""](https://twitter.com/thegreatkhalid/status/1038163221914431489)  
  
[Swae Lee - ""Woke up to some bullshit RIP Mac Miller""](https://twitter.com/goSwaeLee/status/1038165526084808704)  
  
[Russ - ""Damn wtf...rip Mac miller""](https://twitter.com/russdiemon/status/1038165164204457984)  
  
[A$AP Ferg - ""Rest in Paradise. You embraced me before I was I was signed. You brought a Belt I made back in the days and linked me with â€œDaily breads â€œ to do a collab with your friends brand. I hope you felt no pain in your transition! Love always. Very sad news""](https://www.instagram.com/p/BncGZP9HgiF/?hl=en&taken-by=asapferg)  
  
[MadeInTYO - ""I love you brother .... you gave me good advice & you was my friend & you jumped on my album  I miss you bro , I really doooo , this one is really never gonna feel the same. you told me to come over this week but I was in Paris .... Iâ€™m sorry ... I wish I was around more bro ... Malcolm I love you ! Pray for the world & Macâ€™s family !""](https://www.instagram.com/p/BncF22bBwYO/?hl=en)  
  
[Bebe Rexha - ""I am so deeply saddened to hear of the passing of @MacMiller. Sending love and light to all of his friends, family and fans.""](https://twitter.com/BebeRexha/status/1038179132272721920)  
  
[Cher Lloyd - ""Iâ€™m lost for words. This is such shocking news. Weâ€™ve lost another true talent. Rip Mac Miller""](https://twitter.com/CherLloyd/status/1038180292446642176)  
  
[Lil Yachty - ""Rest In Peace Big Mac. Amazing Energy. solid & postive. So many things we was pose to do... one day we still will brother....Live on brother !!!!!!!""](https://www.instagram.com/p/BncHMpKhPBf/?utm_source=ig_embed)  
  
[Juicy J - ""Iâ€™m so fucked up right now this is so sad I canâ€™t believe it  R.I.P. MAC MILLER""](https://twitter.com/therealjuicyj/status/1038169032371798016)  
  
[John Mayer - ""Iâ€™m so sad that you couldnâ€™t stay, Mac. Iâ€™m so terribly sad.""](https://www.instagram.com/p/BncKT3Hn9Jl/?utm_source=ig_embed)  
  
[Miguel - ""Man, I donâ€™t want this to be true. Mac was ALWAYS good energy. INSANELY talented and never got the credit he deserved. The utmost love for you Mac man. Sending my love and condolences to your mom, the sweetest ever, and your family and friends. Lightwaves on your journey my friend ğŸ™ğŸ¾ğŸ–¤ğŸ–¤ğŸ–¤""](https://www.instagram.com/p/BncLyH4h2TS/?utm_source=ig_embed)  
  
[Ugly God - ""Remember when Mac dropped his Album the same night Astroworld dropped and yall were saying â€œyâ€™all hear sum?â€ â€œwho still listens to himâ€ & â€œtell him keep itâ€? We had a whole convo about it & he literally told me if he died people would act like they never said it. fuck yall. RIP.""](https://twitter.com/UglyGod/status/1038175850275975169?s=20)  
  
[Kid Cudi - ""Really fucked up about Mac""](https://twitter.com/KidCudi/status/1038181990015459328)  
  
[Peter Rosenberg - ""No words for how much I loved this kid...so much on my mind ...and so many others...he was SUCH A PART of this hip hop world we all take part in...he was such a sweet person...and he was year by year becoming more and more of a complete musical genius....I could go on forever about why this hurts so many people so badly....but plain and simple...I love you bro...we all did..see you on the other side""](https://www.instagram.com/p/BncH_iZB3G2/?utm_source=ig_web_button_share_sheet)  
  
[Westside Gunn - ""FUUUUUUUUCK HOMIE!!!! Guess Now theyâ€™ll give u your Roses smh a true musician, we lost a GREAT 1 and you still have the Illest Shit Out ğŸ™ğŸ¾ğŸ™ğŸ¾ğŸ™ğŸ¾ğŸ™ğŸ¾ğŸ™ğŸ¾ğŸ™ğŸ¾ #RIPMACMILLER Fun Fact he heard me and Conway was the illest and invited us right over had a good time wit the Homie youâ€™ll be missed""](https://www.instagram.com/p/BncEj3ynYNr/?utm_source=ig_web_button_share_sheet)  
  
[Lucki - ""Rest In Peace""](https://twitter.com/LUCKI6BELOW/status/1038170593567420416)  
  
[Chief Keef - ""R.I.P my dude aka LFisherman BKa Mac Miller""](https://twitter.com/ChiefKeef/status/1038185690159173632)  
  
[Curren$y - ""Damn bruh u fucked errbody day up ... love u my young homie!""](https://twitter.com/CurrenSy_Spitta/status/1038185040402935808)  
  
[Fashawn - ""Rest easy Mac. ğŸ˜¢""](https://twitter.com/fashawn/status/1038186548091486208?s=21)  
  
[Chuck Inglish - ""I love you Man.   I always called to check on u.  You were my lil brother... I wish I had a pass w god to give u another chance.   Iâ€™m not ready for u to be gone bro.. Iâ€™m hurt.""](https://twitter.com/Chuckisdope/status/1038169621432397824)  
  
[Jay Electronica - ""May Allah be pleased w Mac Miller. He was a brother and friend of mine. This news has saddened me.""](https://twitter.com/JayElectronica/status/1038184302394175489)  
  
[Pouya - ""how much more can we take""](https://twitter.com/Pouyalilpou/status/1038177422166962176)  
  
[Abra - ""pure hearts don't die""](https://twitter.com/abra/status/1038177841953890306)  
  
[Evidence - ""Fuck""](https://www.instagram.com/p/BncKS8XAJ_b/?utm_source=ig_share_sheet&igshid=1nhs2fybyi95z)  
  
[Kevin Abstract - ""Fuck man""](https://twitter.com/kevinabstract/status/1038171722728579073?s=20)  
  
[J.I.D. - ""fuck we just lost a full musical genius and a great person, sending prayers and love to his family.. tell someone you love them today""](https://twitter.com/jidsv/status/1038198547433193472?s=21)  
  
[Lil B - ""Mac miller my brother I love you - Lil B""](https://twitter.com/lilbthebasedgod/status/1038203251945074691?s=21)  
  
[Seth Rogen - ""RIP Mac. I was texting with him one week ago about trying to be in his video, which was so nice and exciting because I was a fan of him as an artist and a person. This is surreal and terrible.""](https://twitter.com/Sethrogen/status/1038251733367971840)  
  
[Joe Budden - ""Iâ€™m really fucked up over Macâ€™s passing. Prayers to his family, loved ones and fansâ€¦ Rest In Peace @MacMiller""](https://twitter.com/JoeBudden/status/1038194060622802944)  
  
[Robb Bank$ - ""RIP MAC MILLER""](https://twitter.com/RobbBanks/status/1038242993554247680)/[""A LEGEND AND AN INSPIRATION FOR ME TO MAKE CALENDARS](https://twitter.com/RobbBanks/status/1038243222135496704)  
  
[Tyler, the Creator - ""rest easy macaroni""](https://twitter.com/tylerthecreator/status/1038449297409245184)  
  
[Pharrell - ""Canâ€™t believe it was six years ago, we were working in Miami on Pink Slime. I just wanted to make the hardest records with you. And then I discovered you could sing too. And I kept telling you you could sing, but you didnâ€™t want to hear it. And your latest project has all the singing... Very happy for you, but canâ€™t believe that this is the moment I got to tell you that. Sending deepest condolences to your family. RIP Mac Miller.""](https://www.instagram.com/p/Bncuj8IBqRF/)  
  
[Maxo Kream - ""RIP bro we just met at a Cole concert and I wanted to get you on my next album. Fightin dese demons not easy tell my nicca Fredo I love em""](https://www.instagram.com/p/BnceSkBBvKs/)  
  
[Christian Clancy - ""i donâ€™t know what to say. itâ€™s not real yet. you were more alive recently than iâ€™ve seen in awhile. i feel like u kept things away from me at times, which ud never admit, but the shift was palatable.. it felt real... the clarity and purpose in your voice about life and ur future... joking about how close ur abs were to a 6 pack (debatable)..... perfect? no. who is. but the demons werenâ€™t steering and the smiles were genuine. maybe at least until u were alone. you were as selfless a human being as iâ€™ve ever known. everyone elseâ€™s happiness came first. never rocked the boat. maybe u should of. but that wasnâ€™t ur style. my favorite thing about you is how u treated chloe. that said everything. i think youth had that innocence you craved, free from all the heaviness inside you.. the heaviness that got you. itâ€™s a lesson for those of us that cook our emotions on the inside. a lesson to those who still feel invincible. this is gonna take awhile. you were an incredible human with an incredible family and friends who were all excited about the path you were on. you were so proud of â€œswimmingâ€ - it was the album you wanted to make. u did that and itâ€™s brilliant. iâ€™m heartbroken. iâ€™m angry. but i love you and im gonna feel instead of cook this time. iâ€™m grateful to have known such a beautiful human being whose main goal in life outside of his art was to make everyone around him ok. love u, malcolm.""](https://www.instagram.com/p/BneN1yOBACL/)  
  
[Nardwuar - ""R.I.P. Mac Miller. Gone far too soon.""](https://www.instagram.com/p/Bncsd3NHFFF/)  
  
[The Kid Mero - ""RIP HOMIE YOU COULD TAKE A JOKE AND U WERE A REAL ASS HUMBLE DUDE. BLESS""](https://www.instagram.com/p/BncfANIgI9d/)  
  
[Clams Casino - ""RIP Mac! There are a lot of special memories and good times I will have in my heart forever...thank you for all of those. Mac always stood out to me because he was a genuinely kind and down to earth person that would go out of his way to look out for people. Iâ€™m happy for the music we made together and thank you for impacting so many peoples lives.""](https://www.instagram.com/p/BncmKNigKG1/)  
  
[MixedByAli - ""Woke up sick thinking damn how could I have helped. Canâ€™t believe this . Until we meet again my boy . Iâ€™m sorry""](https://www.instagram.com/p/BneBjy2lO40/)  
  
[Vince Staples - â€œI mustâ€™ve died and went to heaven...currently in shock itâ€™ll hit me in a second. Whatâ€™s your question? You need a blessing right? Or you just wondering what heavens like.â€ Iâ€™ll see you soon. Thank you for everything... for all of this. I love you.](https://www.instagram.com/p/BncmUd-n3dG/)  
  
[Julia Kelly - ""Today I gained the most beautiful angel. My heart is hurting. Shattered. Today I lost one of the most amazing humans that has ever entered my life. Malcolm McCormick, I would give anything to have you back. Our memories will never be erased. I am forever grateful for you. Thank you for your laughter and endless amounts of love. You brought me out of my shell and broke me free from my shyness. The most gentle soul. Your mind was like no other. Waking up next to you was a dream. Thank you for always making me feel at home. Iâ€™m going to miss your sweet forehead kisses and affection. I would give anything to talk to you one last time and express my love. I love you forever, Malcolm.""](https://www.instagram.com/p/Bncah67l2Hq/)  
  
[Asher Roth - ""this one hurts""](https://twitter.com/asherroth/status/1038175625473740800)  
  
[The Weeknd - ""Rest In Peace Mac Miller. Itâ€™s a sad day.""](https://twitter.com/theweeknd/status/1038200179265024000)  
  
[Tory Lanez - ""R.I.P Mac wtf !!!!!! Too soon man too fucking soon !!!! This is unreal""](https://twitter.com/torylanez/status/1038164188462546944)  
  
[YG - ""RIP MAC MILLER""](https://twitter.com/YG/status/1038190985501495296)  
  
[Rapsody - ""I love you always, Mac! Forever the most dope. Thank you for helping to change my life. And so many in this culture. .....so unreal.""](https://twitter.com/rapsody/status/1038276720250507265)  
  
[Machine Gun Kelly - ""Mac. this just fucked us all up. u were too rare...damn. from eating frozen chicken wings in my basement to ur voice speaking to a generation. u did it homie. wish this wasnâ€™t even a conversation. @Innerviewq i love u and am here for u.""](https://twitter.com/machinegunkelly/status/1038171637529694210)  
  
[Ty Dolla $ign - ""I donâ€™t know if people get what these comments will do to a person . Yâ€™all talk so much shit behind a fake account and never show your face . Rip my brother Mac life is too short . Tell someone u love them today . Please""](https://twitter.com/tydollasign/status/1038450163784798208)  
  
[Rich the Kid - ""Rip Mac Miller""](https://twitter.com/richthekid/status/1038185865011286016)  
  
[Carnage - Love you brother @MacMiller""](https://twitter.com/djcarnage/status/1038181855592296448)  
  
[Loaded Lux - ""ğŸ‘â™¥ï¸""](https://www.instagram.com/p/BncokMwAK1I/?utm_source=ig_twitter_share&igshid=11yiu5stoh36g)  
  
[Charlamagne the God - ""I had a lot of great conversations with this young man on and off air. All we did was clown each other. Even deep convos ended with a joke. Rest Easy To My Pal Mac.""](https://www.instagram.com/p/BncYUXnFabe/?utm_source=ig_twitter_share&igshid=1ohhdots9yfnu)  
  
[Angela Yee - ""Heartbroken to hear the news about Mac Miller. My condolences to his family and loved ones, and I feel blessed to have known him""](https://www.instagram.com/p/BncecavnYaj/?utm_source=ig_twitter_share&igshid=8iga4o0i4w1p)  
  
[Diplo - ""My first day on tour in Australia I saw Mac in the lobby .. he was having a small fling with one of my dancers and asked her to dye his hair pink before tour started.. and then he wrote this dope song called pink bathwater (one of thousand songs you probably will never hear) . He drank whiskey at major lazer after-party is til 4 am.. went back to festival at midday .. played piano like Mozart with the sun blazing down on him.. throw up on stage . Cry a bit, rap some more then pass out in the grass and text me a few hours like where we going next .. next five years I see this guy everywhere .. best people I could always count on.. we made a lot of music in my first studio in Burbank.. he kept getting better and better .. this dude lived so hard was so amazing and talented and still extremely missunderstood.. another video is me and @skrillex on New year's Eve at MSG and Mac just came out at midnight like he was he headliner in his Riddler suit. Fuck I couldn't stop laughing .. he was always there in the middle of the best moments .. and if there wasn't a vibe he created it and made the room brighter .. he radiated positivity, but there wasn't a balance.. the other side was he was deeply insecure and always found substitution for what was missing in his life .. For a second think about the people around you and make sure they are always aware of the love .. don't take a second forgranted. They might need you and you don't even notice it because your too busy .. always gonna love you Mac""](https://www.instagram.com/p/Bncn-NpgdZL/?hl=en&taken-by=diplo)

____

Videos:

[J. Cole in concert dedicating ""Love Yourz"" to Mac.](https://www.youtube.com/watch?v=57G7Laxopzw)

[*Watching Movies With The Sound Off* Visual Album](https://vimeo.com/202080451) by /u/Chadbraham. ""imma live forever cause a legend never dies"" RIP.",r/hiphopheads
r/hiphopheads,"Vince Staples announces ""Mac Miller: A Celebration of Life"" on October 31 -- a show with performances by Vince, Travis Scott, Earl, Chance, Q, SZA and more https://twitter.com/vincestaples/status/1047186005525032960

**Date:** October 31

**Location:** The Greek Theatre, LA

**Alphabetical order:**

Action Bronson

Anderson Paak

Chance the Rapper

Domo Genesis

Dylan Reynolds

Earl Sweatshirt

JID

John Mayer

Miguel (can't believe i didn't notice him at first ffs)

Njomza

ScHoolboy Q

SZA

Thundercat

Travis Scott

Ty Dolla $ign

Vince Staples

... and more I really hope they have a livestream for this. Miss you Mac, forever one of my favourite rappers/people â¤",r/hiphopheads
r/hiphopheads,"R. Kelly Dropped by Sony Music link ""We at Sony have zero tolerance for sexual abuse as long as the public outrage is big enough to where it might hurt our image.""",r/hiphopheads
r/hiphopheads,Common Free styling in the streets of New Orleans link What a beautiful display of hip hop.,r/nba
r/hiphopheads,"[FRESH ALBUM] Young Thug - So Much Fun [APPLE MUSIC](https://music.apple.com/us/artist/young-thug/81886939) | [SPOTIFY](https://open.spotify.com/album/1bnHPO4dKK7IjvgrtVBcQh) | [TIDAL](https://listen.tidal.com/album/115464504) | [YOUTUBE](https://www.youtube.com/watch?v=bIyXEs2TBFs&list=PLHiCeIV7logH_Nf2mcCTrDHWUulnHYU-F)

---

#TRACKLIST

1.	**Just How It Is** [prod. Wheezy]

2.	**Sup Mate** (feat. Future) [prod. ATL Jacob & DY Krazy]

3.	**Ecstasy** [prod. DY Krazy & 12 Hunna]

4.	**Hot** (feat. Gunna) [prod. Wheezy]

5.	**Light It Up** [prod. Pi'erre Bourne]

6.	**Surf** (feat. Gunna) [prod. Pi'erre Bourne]

7.	**Bad Bad Bad** (feat. Lil Baby) [prod. Wheezy]

8.	**Lil Baby** [prod. Pi'erre Bourne]

9.	**What's The Move** (feat. Lil Uzi Vert) [prod. BL$$D & Chef]

10. **I Bought Her** (feat. Lil Duke) [prod. DJ Durel]

12. **Jumped Out The Window** [prod. Supah Mario]

13. **I'm Scared** (feat. 21 Savage & Doeboy)[prod. Pi'erre Bourne]

14. **Cartier Gucci Scarf** (feat. Lil Duke) 

15. **Big Tipper** (feat. Lil Keed) [prod. TM88 & Southside]

16. **Pussy** [prod. TM88, PyrexTurnMeUp & Southside]

17. **Circle Of Bosses** (feat. Quavo) [prod. Wheezy]

18. **Mannequin Challenge** (feat. Juice WRLD) [prod. J. Cole & T-Minus]

19. **Boy Back** (feat. NAV) [prod. Mustard]

20. **The London** (feat. J Cole & Travis Scott) [prod. T-Minus]

---

[Hi resolution cover art](http://press.atlanticrecords.com/wp-content/uploads/2019/08/SMF-PA-Uncompressed.jpg) Wouldn't be a solid Thugger album without those ""?""s in the RapGenius lyrics lmaooo",r/hiphopheads
r/hiphopheads,Joey Badass settles the rumor of him being blinded by the eclipse link Holy shit lmfaooooooo,r/nba
r/hiphopheads,"Lil Wayne Carter V Website Coundtown!!! link [IMPORTANT VIDEO](https://www.youtube.com/watch?v=pKWrzGKZoaQ)

ALBUM ON FRIDAY",r/hiphopheads
r/hiphopheads,"Meek is Free link A statement from the man himself

[Iâ€™d like to thank God, my family, and all my public advocates for their love, support and encouragement during this difficult time. While the past five months have been a nightmare, the prayers, visits, calls, letters and rallies have helped me stay positive.] (https://twitter.com/MeekMill/status/988871657111498752)

[To the Philly District Attorneyâ€™s office, Iâ€™m grateful for your commitment to justice. I understand that many people of color across the country donâ€™t have that luxury and I plan to use my platform to shine a light on those issues.] (https://twitter.com/MeekMill/status/988871671565008896)

[In the meantime, I plan to work closely with my legal team to overturn this unwarranted conviction and look forward to reuniting with my family and resuming my music career.] (https://twitter.com/MeekMill/status/988871793032118272)

[mirror] (https://i.imgur.com/0fHvKkR.png)

Ringing the [bell] (https://streamable.com/b636v) before the 76ers/Heat game tonight

76ers win!",r/hiphopheads
r/hiphopheads,"[Potentially Misleading] Donald Glover allegedly stole ""This Is America"" from another artist Here is the song in question, American Pharaoh by Jase Harley: https://www.youtube.com/watch?v=whcr-JiOJCA&feature=youtu.be

Soundcloud mirror: https://soundcloud.com/jaseharley/american-pharaoh-produced-by-jase-harley

Obviously, here is This Is America: https://www.youtube.com/watch?v=VYOjWnS4cMY

**Fam Rothstein, from Gambino's team, has responded to the allegations and claims This Is America has been under wraps for around 3 years: https://twitter.com/famlikefamily/status/1011244111754506240**

https://imgur.com/Vp2elrl

**""The internet is a place of no consequences. I hate that every Toronto Akademiks/white blogger can say something as gospel and y'all take it. This song is 3 years old, and we have Pro Tools files to prove it. But fuck you and your moms, and your future fetuses. Stay blessed.""**

Jase Harley has commented on the matter himself, no animosity. Just wishes he could've gotten a shoutout:

https://i.imgur.com/W8gtyCo.png

""lol word a shout out would be cool ğŸ¤·ğŸ¾â€â™‚ï¸ all good tho.. heâ€™s a great artist, dope I couldâ€™ve had some influence on the record""

https://i.imgur.com/tJtRydc.png

""I always felt my song inspired it lol from the first time I heard it""

""yeaaa lol itâ€™s cool tho.. glad they liked my song. Itâ€™s all love""

https://i.imgur.com/f3YeQMp.png

""all artist get inspired by others.. artists being thirsty for bread is why ppl donâ€™t wanna credit anyone for inspiration. Itâ€™s all love and support from me, glad if my record influenced his ğŸ™ğŸ¾""

Source: https://www.instagram.com/p/BkNi0sNAtBp

Thanks to u/sPLATTYYY for posting the Instagram comments.


The instrumental is quite similar and the subject matter, inflection, and flow is uncannily similar.

Thoughts? â€œDonâ€™t catch you slippin upâ€",r/hiphopheads
r/hiphopheads,Mac Miller - Dang! (feat. Anderson .Paak) link Easiest karma of this mans life,r/hiphopheads
r/hiphopheads,"[FRESH ALBUM] Lil Wayne - Tha Carter V [Apple Music Link](https://itunes.apple.com/us/album/tha-carter-v/1437591818)

[Spotify Link](https://open.spotify.com/album/50yFYgKdwJANZ5O9MIbMkg)

[Deezer Link](https://www.deezer.com/en/album/74284842)

[Tidal Link](https://listen.tidal.com/album/95823940)

[Pandora Link](https://www.pandora.com/artist/lil-wayne/tha-carter-5-explicit/ALXmffnh297dJKX?corr=12391784&part=ug)

[Google Play Music Link](https://play.google.com/music/preview/Br3vhxqzktqkt4shgguu3g543cm?PAffiliateID=1l3varo&nomobilenative=1&u=0#)

[Genius](https://genius.com/albums/Lil-wayne/Tha-carter-v)



TRACKLIST:

1. I Love You Dwayne

2. Don't Cry (ft. XXXTENTACION)

3. Dedicate

4. Uproar

5. Let It Fly (ft. Travis Scott)

6. Can't Be Broken

7. Dark Side of the Moon (ft. Nicki Minaj)

8. Mona Lisa (ft. Kendrick Lamar)

9. What About Me (ft. Sosamann)

10. Open Letter

11. Famous (ft. Reginae Carter)

12. Problems

13. Dope Niggaz (ft. Snoop Dogg)

14. Hittas

15. Took His Time

16. Open Safe

17. Start This Shit Off Right (ft. Ashanti & Mack Maine)

18. Demon

19. Mess

20. Dope New Gospel (ft. Nivea)

21. Perfect Strangers

22. Used 2

23. Let It All Work out




EDIT: Fixed Spotify Link my bad lol

EDIT 2: I dont think its out on spotify yet guys, i keep posting fakes sorry

EDIT 3: FIXED is waynes spotify crashed for anyone else? damn lol",r/hiphopheads
r/hiphopheads,"XXXTentacion Sent to Jail, Facing 7 New Witness Tampering Charges link Apparently some fans showed up to the hearing and were sending threatening letters to the judge prior to it. Don't know what they figured that would do, but it didn't seem to work.",r/nba
r/hiphopheads,"[Fresh Audio ]Machine Gun Kelly - Rap Devil (Eminem Diss) link [Video](https://www.youtube.com/watch?v=Fp0BScQSSvg&feature=youtu.be)

[bizzare reacts](https://twitter.com/bizarresworld/status/1036667679216685056?s=19)

[Vince weighs in](https://www.youtube.com/watch?v=PzesoqKl8qI&feature=youtu.be)",r/hiphopheads
r/hiphopheads,"KANYE WEST on Twitter: ""Swish February 11 16"" link I decided at the beginning of this week i was gonna relisten to all of Kanyes discography and i finished Yeezus this morning so i like to think im responsible for this",r/hiphopheads
r/hiphopheads,"Hey, this is Chance, #ColoringBook is out! Ask Me Anything. AMA starts at 9:30pm Central Time. 

Listen to #ColoringBook at http://bit.ly/Chance3Reddit SKIP TO NO PROBLEMS",r/hiphopheads
